code,time_key,open,close,high,low,pe_ratio,turnover_rate,volume,turnover,change_rate,last_close
HK.00700,2021-03-11 00:00:00,604.043615,624.324315,627.089865,603.121765,63.384,0.00219,22750599,14151202733.0,3.3574893428846044,604.043615
HK.00700,2021-03-12 00:00:00,636.76929,596.668815,637.230215,593.903265,60.59,0.00271,28188755,17407186915.0,-4.429668897326218,624.324315
HK.00700,2021-03-15 00:00:00,596.20789,575.92719,598.97344,569.47424,58.494,0.00365,37980893,22199001826.0,-3.4762374836030263,596.668815
HK.00700,2021-03-16 00:00:00,586.06754,578.231815,590.215865,573.16164,58.727,0.00204,21200172,12361190916.0,0.4001590895543562,575.92719
HK.00700,2021-03-17 00:00:00,572.700715,572.700715,586.06754,570.39609,58.168,0.00199,20718077,11972069608.0,-0.9565540768454669,578.231815
HK.00700,2021-03-18 00:00:00,582.38014,587.450315,597.590665,579.61459,59.659,0.00233,24258390,14361460666.0,2.5754464092122014,572.700715
HK.00700,2021-03-19 00:00:00,575.92719,575.92719,585.606615,572.23979,58.494,0.00235,24451018,14178638360.0,-1.9615488673284733,587.450315
HK.00700,2021-03-22 00:00:00,578.231815,580.997365,590.215865,577.309965,59.007,0.00146,15200377,8876749536.0,0.8803499970195798,575.92719
HK.00700,2021-03-23 00:00:00,591.137715,576.388115,591.137715,574.544415,58.541,0.00152,15845949,9245367760.0,-0.7933340627112784,580.997365
HK.00700,2021-03-24 00:00:00,578.69274,571.778865,584.684765,564.86499,58.075,0.00188,19578976,11250251821.0,-0.7996781821221235,576.388115
HK.00700,2021-03-25 00:00:00,550.11539,555.64649,570.39609,539.514115,30.539,0.00462,48044145,26816372078.0,-2.8214360459091163,571.778865
HK.00700,2021-03-26 00:00:00,555.64649,568.55239,579.61459,555.185565,31.245,0.00255,26565429,15191051275.0,2.3226818187945315,555.64649
HK.00700,2021-03-29 00:00:00,568.55239,561.17759,570.39609,550.576315,30.842,0.00302,31467386,17734706995.0,-1.2971188108100182,568.55239
HK.00700,2021-03-30 00:00:00,562.560365,558.872965,569.47424,556.107415,30.716,0.00214,22298973,12601669642.0,-0.41067659170067483,561.17759
HK.00700,2021-03-31 00:00:00,566.70869,559.33389,569.935165,558.41204,30.741,0.00166,17291241,9771061290.0,0.082474019833823,558.872965
HK.00700,2021-04-01 00:00:00,575.466265,599.89529,601.73899,569.935165,32.958,0.00343,35692248,20983286977.0,7.251732949705596,559.33389
HK.00700,2021-04-07 00:00:00,598.97344,577.309965,603.58269,571.778865,31.724,0.00283,29482350,17284277000.0,-3.7648778672691376,599.89529
HK.00700,2021-04-08 00:00:00,563.02129,568.55239,576.84904,563.02129,31.245,0.02578,268357218,148682130954.0,-1.516962382591142,577.309965
HK.00700,2021-04-09 00:00:00,576.84904,569.013315,576.84904,564.404065,31.27,0.00234,24367970,13938508210.0,0.08106992567564239,568.55239
HK.00700,2021-04-12 00:00:00,564.86499,562.560365,568.091465,552.88094,30.919,0.00292,30351655,17083865632.0,-1.1340595782016079,569.013315
HK.00700,2021-04-13 00:00:00,562.560365,557.49019,570.39609,556.56834,30.642,0.00192,20003405,11299730081.0,-0.9012677243979075,562.560365
HK.00700,2021-04-14 00:00:00,569.47424,571.778865,573.16164,564.404065,31.423,0.00188,19525584,11178711808.0,2.563036131631305,557.49019
HK.00700,2021-04-15 00:00:00,571.778865,568.55239,571.778865,559.794815,31.246,0.00152,15781902,8953514302.0,-0.5642872091818313,571.778865
HK.00700,2021-04-16 00:00:00,568.55239,579.61459,580.075515,564.86499,31.851,0.00216,22516626,12991323283.0,1.9456782162150572,568.55239
HK.00700,2021-04-19 00:00:00,577.77089,575.00534,590.67679,568.55239,31.599,0.00211,21957261,12788967519.0,-0.7952267040068772,579.61459
HK.00700,2021-04-20 00:00:00,568.55239,570.857015,574.08349,566.70869,31.372,0.00159,16518855,9461630716.0,-0.7214411260945854,575.00534
HK.00700,2021-04-21 00:00:00,563.482215,558.41204,564.86499,557.49019,30.692,0.00215,22412312,12626278960.0,-2.180051163950398,570.857015
HK.00700,2021-04-22 00:00:00,569.935165,569.47424,572.700715,564.86499,31.297,0.0016,16681281,9540018222.0,1.9810102948353263,558.41204
HK.00700,2021-04-23 00:00:00,575.466265,579.61459,579.61459,569.47424,31.851,0.0017,17679042,10229264235.0,1.780651219623211,569.47424
HK.00700,2021-04-26 00:00:00,579.61459,576.388115,586.98939,573.622565,31.675,0.00148,15403792,8993173488.0,-0.5566586928048257,579.61459
HK.00700,2021-04-27 00:00:00,571.778865,573.16164,573.16164,565.325915,31.498,0.00144,15000769,8596239727.0,-0.5597747274854786,576.388115
HK.00700,2021-04-28 00:00:00,569.47424,575.92719,575.92719,566.247765,31.65,0.00117,12146134,7003461908.0,0.4825078663673239,573.16164
HK.00700,2021-04-29 00:00:00,586.528465,579.153665,586.528465,576.388115,31.826,0.0013,13523155,7907101551.0,0.5602227253761105,575.92719
HK.00700,2021-04-30 00:00:00,575.466265,571.31794,575.466265,568.55239,31.398,0.00125,13011518,7471779138.0,-1.3529613077731322,579.153665
HK.00700,2021-05-03 00:00:00,568.091465,572.700715,572.700715,565.325915,31.473,0.00083,8617720,4941793757.0,0.24203248369899324,571.31794
HK.00700,2021-05-04 00:00:00,572.700715,570.39609,573.16164,567.63054,31.347,0.00066,6862873,3932824476.0,-0.40241350143940147,572.700715
HK.00700,2021-05-05 00:00:00,564.404065,559.794815,565.78684,559.794815,30.768,0.00121,12612522,7133404195.0,-1.8585812886620572,570.39609
HK.00700,2021-05-06 00:00:00,563.482215,559.794815,567.63054,552.420015,30.768,0.00223,23222291,13029878032.0,0.0,559.794815
HK.00700,2021-05-07 00:00:00,562.09944,550.11539,562.09944,550.11539,30.24,0.00182,18943239,10549714657.0,-1.7291022961689855,559.794815
HK.00700,2021-05-10 00:00:00,549.19354,545.50614,557.49019,540.89689,29.988,0.00214,22281185,12257647803.0,-0.8378696694888117,550.11539
HK.00700,2021-05-11 00:00:00,533.52209,535.826715,537.20949,519.233415,29.459,0.00361,37552123,20024473714.0,-1.7743934101273222,545.50614
HK.00700,2021-05-12 00:00:00,535.826715,548.732615,552.88094,535.826715,30.164,0.00239,24845479,13626240378.0,2.4085958461402908,535.826715
HK.00700,2021-05-13 00:00:00,543.66244,531.67839,545.50614,531.67839,29.232,0.00187,19503921,10551371505.0,-3.107929897697073,548.732615
HK.00700,2021-05-14 00:00:00,528.91284,534.44394,539.05319,526.14729,29.383,0.00167,17371601,9314450701.0,0.5201546747085135,531.67839
HK.00700,2021-05-17 00:00:00,543.66244,550.576315,554.263715,539.97504,30.265,0.002,20791837,11470569190.0,3.0185345538766937,534.44394
HK.00700,2021-05-18 00:00:00,556.56834,557.029265,558.872965,549.654465,30.618,0.00127,13221658,7379704326.0,1.1720355242669651,550.576315
HK.00700,2021-05-20 00:00:00,560.25574,558.41204,564.404065,553.341865,30.694,0.00163,16956751,9523152294.0,0.2482409968172925,557.029265
HK.00700,2021-05-21 00:00:00,550.11539,539.514115,550.11539,534.904865,29.66,0.0042,43760537,23781668966.0,-3.384225920343712,558.41204
HK.00700,2021-05-24 00:00:00,539.145385,538.223535,540.52816,529.926885,29.509,0.00173,18016263,9690484888.0,-0.2392115357352564,539.514115
HK.00700,2021-05-25 00:00:00,541.910935,560.80886,563.57441,540.989085,30.744,0.00282,29337156,16384026057.0,4.196272279323499,538.223535
HK.00700,2021-05-26 00:00:00,574.175685,568.18366,574.175685,562.65256,31.147,0.00195,20313808,11572417145.0,1.3150291527134665,560.80886
HK.00700,2021-05-27 00:00:00,560.80886,556.660535,563.57441,553.43406,30.517,0.00268,27927323,15628668560.0,-2.0280634258296075,568.18366
HK.00700,2021-05-28 00:00:00,558.96516,552.973135,562.65256,552.51221,30.316,0.00158,16470156,9193575725.0,-0.6624144821044347,556.660535
HK.00700,2021-05-31 00:00:00,562.65256,569.10551,569.566435,554.816835,31.198,0.00162,16833677,9488556188.0,2.9173885635511074,552.973135
HK.00700,2021-06-01 00:00:00,569.10551,577.40216,581.08956,567.26181,31.651,0.00188,19570943,11306860041.0,1.4578403923729362,569.10551
HK.00700,2021-06-02 00:00:00,582.93326,577.863085,588.46436,575.097535,31.676,0.0017,17716531,10318073572.0,0.07982737716117562,577.40216
HK.00700,2021-06-03 00:00:00,577.863085,565.879035,578.784935,562.65256,31.021,0.00128,13354007,7632225021.0,-2.073856301099405,577.863085
HK.00700,2021-06-04 00:00:00,560.80886,562.191635,564.957185,557.12146,30.82,0.00197,20546075,11545288260.0,-0.6516233632864707,565.879035
HK.00700,2021-06-07 00:00:00,561.73071,552.051285,562.191635,550.207585,30.265,0.00206,21443078,11937603206.0,-1.8037176949457834,562.191635
HK.00700,2021-06-08 00:00:00,557.12146,552.51221,557.12146,548.82481,30.29,0.00108,11199424,6205312521.0,0.08349314864831349,552.051285
HK.00700,2021-06-09 00:00:00,551.59036,554.35591,557.12146,549.285735,30.391,0.00081,8425299,4677955002.0,0.33369398298003455,552.51221
HK.00700,2021-06-10 00:00:00,556.19961,552.051285,559.426085,549.74666,30.265,0.00122,12721755,7054660097.0,-0.41573021202209015,554.35591
HK.00700,2021-06-11 00:00:00,559.426085,547.90296,559.426085,547.90296,30.038,0.00151,15725579,8713136339.0,-0.7514383378348626,552.051285
HK.00700,2021-06-15 00:00:00,556.19961,551.59036,556.19961,544.21556,30.24,0.0012,12508949,6899536974.0,0.6730023871380482,547.90296
HK.00700,2021-06-16 00:00:00,548.82481,548.363885,550.207585,546.520185,30.064,0.00102,10599399,5826298555.0,-0.5849404257173838,551.59036
HK.00700,2021-06-17 00:00:00,546.05926,550.66851,550.66851,543.754635,30.19,0.00144,14939274,8187760002.0,0.4202729360997191,548.363885
HK.00700,2021-06-18 00:00:00,553.43406,554.35591,558.96516,551.129435,30.391,0.00128,13344413,7418483639.0,0.6696224558037694,550.66851
HK.00700,2021-06-21 00:00:00,551.59036,542.832785,551.59036,535.457985,29.761,0.00245,25501408,13848594212.0,-2.078651060110471,554.35591
HK.00700,2021-06-22 00:00:00,541.45001,527.161335,541.45001,525.317635,28.904,0.00322,33489995,17803545502.0,-2.886975590466581,542.832785
HK.00700,2021-06-23 00:00:00,533.15336,535.457985,535.91891,526.70041,29.358,0.00192,19947235,10645900389.0,1.573835076504615,527.161335
HK.00700,2021-06-24 00:00:00,536.84076,535.91891,540.067235,533.15336,29.383,0.00114,11875304,6387238277.0,0.08608051666275454,535.457985
HK.00700,2021-06-25 00:00:00,540.989085,550.207585,551.59036,536.84076,30.164,0.00201,20884092,11434596764.0,2.6662009370036994,535.91891
HK.00700,2021-06-28 00:00:00,554.35591,547.442035,557.12146,544.21556,30.013,0.0012,12459623,6841164004.0,-0.5026375636024651,550.207585
HK.00700,2021-06-29 00:00:00,551.59036,542.832785,552.51221,540.52816,29.761,0.00153,15961586,8719405551.0,-0.8419612863670741,547.442035
HK.00700,2021-06-30 00:00:00,549.285735,536.84076,549.285735,536.84076,29.434,0.00142,14772779,8009048280.0,-1.103843608119561,542.832785
HK.00700,2021-07-02 00:00:00,550.207585,528.083185,550.207585,526.239485,28.955,0.0026,27052671,14455213565.0,-1.6313170780847728,536.84076
HK.00700,2021-07-05 00:00:00,523.93486,509.18526,525.77856,504.115085,27.921,0.00452,47011906,24111867251.0,-3.5785886649657157,528.083185
HK.00700,2021-07-06 00:00:00,507.34156,513.79451,517.48191,504.57601,28.173,0.00203,21123783,10833366343.0,0.9052206263786814,509.18526
HK.00700,2021-07-07 00:00:00,507.34156,504.115085,508.724335,494.896585,27.644,0.00318,33107969,16657004200.0,-1.8839097755248349,513.79451
HK.00700,2021-07-08 00:00:00,496.27936,485.21716,499.505835,481.068835,26.612,0.00476,49561549,24236307713.0,-3.748732295920096,504.115085
HK.00700,2021-07-09 00:00:00,482.45161,494.896585,498.12306,468.162935,27.142,0.00447,46560743,22695343159.0,1.9948645262257498,485.21716
HK.00700,2021-07-12 00:00:00,505.036935,491.209185,506.41971,480.146985,26.94,0.00319,33240271,16329216413.0,-0.7450849554761072,494.896585
HK.00700,2021-07-13 00:00:00,497.20121,510.568035,517.020985,489.82641,27.998,0.00345,35934028,18301042541.0,3.9410602633580676,491.209185
HK.00700,2021-07-14 00:00:00,514.71636,511.489885,517.48191,509.18526,28.049,0.00207,21595918,11133066554.0,0.18055380219797862,510.568035
HK.00700,2021-07-15 00:00:00,516.099135,519.32561,525.77856,515.177285,28.477,0.0021,21890351,11459242147.0,1.5319413403453652,511.489885
HK.00700,2021-07-16 00:00:00,521.16931,518.40376,523.473935,511.95081,28.427,0.00154,16011268,8329381355.0,-0.17750905833431738,519.32561
HK.00700,2021-07-19 00:00:00,514.71636,505.036935,514.71636,501.349535,27.696,0.00176,18348516,9304894975.0,-2.578458342971896,518.40376
HK.00700,2021-07-20 00:00:00,504.57601,498.583985,511.02896,495.35751,27.343,0.00206,21492887,10774124230.0,-1.2777184306332057,505.036935
HK.00700,2021-07-21 00:00:00,498.583985,494.43566,500.427685,487.06086,27.116,0.00212,22021889,10870166668.0,-0.8320213093086013,498.583985
HK.00700,2021-07-22 00:00:00,500.88861,499.96676,504.57601,493.51381,27.419,0.00164,17022645,8517327631.0,1.1186693128080685,494.43566
HK.00700,2021-07-23 00:00:00,501.81046,487.98271,502.271385,486.13901,26.764,0.00175,18179435,8992755158.0,-2.3969693505224274,499.96676
HK.00700,2021-07-26 00:00:00,468.62386,450.18686,470.928485,449.44938,24.697,0.00858,89266419,41055111243.0,-7.745325648935385,487.98271
HK.00700,2021-07-27 00:00:00,427.50935,409.62546,441.70584,402.98814,22.479,0.01126,117184686,49742780968.0,-9.009903132223815,450.18686
HK.00700,2021-07-28 00:00:00,414.23471,410.73168,423.08447,387.50106,22.54,0.01176,122431531,49651529589.0,0.27005645596345684,409.62546
HK.00700,2021-07-29 00:00:00,440.96836,452.03056,454.05863,430.45927,24.798,0.0076,79075742,35108302945.0,10.054953637859148,410.73168
HK.00700,2021-07-30 00:00:00,447.97442,440.04651,447.97442,427.14061,24.154,0.00422,43889797,19288363721.0,-2.6511592490560747,452.03056
HK.00700,2021-08-02 00:00:00,437.28096,436.35911,439.86214,421.79388,23.952,0.00307,31941135,13807676609.0,-0.8379568786944872,440.04651
HK.00700,2021-08-03 00:00:00,430.64364,409.62546,430.64364,388.97602,22.49,0.01227,127799564,51535700520.0,-6.126525008266704,436.35911
HK.00700,2021-08-04 00:00:00,399.48511,419.58144,431.56549,398.56326,23.034,0.0048,50011669,21007883206.0,2.4305081036710976,409.62546
HK.00700,2021-08-05 00:00:00,415.70967,403.17251,426.5875,397.27267,22.137,0.00611,63595659,26193545519.0,-3.910785472303065,419.58144
HK.00700,2021-08-06 00:00:00,408.51924,416.63152,422.9001,404.09436,22.873,0.00447,46587080,19468783995.0,3.338275717260593,403.17251
HK.00700,2021-08-09 00:00:00,411.28479,424.00632,433.9623,406.49117,23.276,0.00427,44428309,18847164570.0,1.770101311585833,416.63152
HK.00700,2021-08-10 00:00:00,439.12466,446.68383,452.95241,434.69978,24.517,0.00426,44347551,19749306230.0,5.348389618343421,424.00632
HK.00700,2021-08-11 00:00:00,450.37123,444.65576,452.58367,440.96836,24.406,0.0021,21853406,9769581009.0,-0.4540280761898217,446.68383
HK.00700,2021-08-12 00:00:00,443.36517,442.81206,451.29308,437.46533,24.305,0.0017,17736959,7896898173.0,-0.4146353574729388,444.65576
HK.00700,2021-08-13 00:00:00,432.85608,431.93423,437.46533,423.82195,23.71,0.00275,28656919,12356849185.0,-2.456534268736936,442.81206
HK.00700,2021-08-16 00:00:00,425.85002,416.81589,428.4312,412.39101,22.883,0.00302,31480777,13186393497.0,-3.500148622164071,431.93423
HK.00700,2021-08-17 00:00:00,406.67554,399.48511,409.9942,397.64141,21.935,0.00449,46801448,18887383621.0,-4.157898107003551,416.81589
HK.00700,2021-08-18 00:00:00,394.87586,400.59133,406.85991,394.87586,21.995,0.00277,28851561,11588410814.0,0.27691144733780126,399.48511
HK.00700,2021-08-19 00:00:00,411.46916,386.76358,414.05034,384.91988,21.239,0.00532,55433632,22060620838.0,-3.4518345666642447,400.59133
HK.00700,2021-08-20 00:00:00,386.76358,390.63535,397.82578,378.46693,21.451,0.00543,56555464,22090583887.0,1.0010689217428452,386.76358
HK.00700,2021-08-23 00:00:00,404.09436,398.37889,407.78176,396.35082,21.874,0.00465,48400708,19545955504.0,1.9822937171456694,390.63535
HK.00700,2021-08-24 00:00:00,410.36294,433.59356,433.59356,408.88798,23.801,0.00516,53717025,22718125103.0,8.839491972077138,398.37889
HK.00700,2021-08-25 00:00:00,451.66182,435.99037,451.66182,429.72179,23.932,0.00429,44724709,19710168123.0,0.5527780440281354,433.59356
HK.00700,2021-08-26 00:00:00,435.99037,433.40919,441.70584,430.2749,23.791,0.0018,18764213,8181575517.0,-0.5920268376569787,435.99037
HK.00700,2021-08-27 00:00:00,430.82801,428.4312,444.28702,424.92817,23.518,0.00244,25452436,11081578061.0,-1.1485658622051909,433.40919
HK.00700,2021-08-30 00:00:00,426.40313,427.87809,430.2749,420.31892,23.488,0.00192,20041490,8532161084.0,-0.1291012419263592,428.4312
HK.00700,2021-08-31 00:00:00,425.11254,442.07458,442.07458,410.73168,24.265,0.00544,56603769,24228211722.0,3.31788196960495,427.87809
HK.00700,2021-09-01 00:00:00,445.57761,448.7119,454.42737,438.94029,24.626,0.00368,38287222,17192591083.0,1.5014027723557386,442.07458
HK.00700,2021-09-02 00:00:00,458.48351,455.71796,468.62386,452.95241,25.01,0.00422,43902847,20302808466.0,1.5613715615743624,448.7119
HK.00700,2021-09-03 00:00:00,456.27107,448.34316,457.19292,442.44332,24.606,0.00283,29441178,13229997777.0,-1.6182816231337456,455.71796
HK.00700,2021-09-06 00:00:00,449.63375,464.01461,465.85831,448.52753,25.463,0.00279,29043550,13405734316.0,3.4954140930799507,448.34316
HK.00700,2021-09-07 00:00:00,468.62386,473.694035,477.84236,466.78016,25.993,0.0026,27079381,12901520207.0,2.086017291567604,464.01461
HK.00700,2021-09-08 00:00:00,483.37346,481.990685,486.13901,470.928485,26.447,0.00344,35792998,17246381866.0,1.7514786733592709,473.694035
HK.00700,2021-09-09 00:00:00,467.70201,440.96836,470.006635,440.04651,24.203,0.00563,58676155,26716845932.0,-8.511020290775944,481.990685
HK.00700,2021-09-10 00:00:00,451.29308,450.18686,454.61174,442.07458,24.707,0.00372,38695004,17407850102.0,2.09051279778894,440.96836
HK.00700,2021-09-13 00:00:00,440.96836,439.12466,442.07458,432.67171,24.102,0.0029,30173570,13236014143.0,-2.457246308788315,450.18686
HK.00700,2021-09-14 00:00:00,437.6497,434.33104,443.54954,430.64364,23.84,0.00207,21592651,9452753751.0,-1.0916307911288863,439.12466
HK.00700,2021-09-15 00:00:00,420.68766,416.44715,426.21876,414.41908,22.863,0.00377,39232081,16534147402.0,-4.11757124243295,434.33104
HK.00700,2021-09-16 00:00:00,410.36294,414.23471,417.73774,408.70361,22.742,0.00255,26598417,11017889134.0,-0.5312654919117624,416.44715
HK.00700,2021-09-17 00:00:00,409.44109,424.19069,429.53742,408.88798,23.286,0.0025,26015635,11022213311.0,2.403463485713211,414.23471
HK.00700,2021-09-20 00:00:00,419.39707,417.18463,420.13455,411.46916,22.897,0.00162,16828279,7033574393.0,-1.6516298365718471,424.19069
HK.00700,2021-09-21 00:00:00,409.62546,413.31286,416.81589,407.04428,22.686,0.00173,17960401,7429009446.0,-0.9280711036741756,417.18463
HK.00700,2021-09-23 00:00:00,422.71573,425.48128,431.38112,419.2127,23.351,0.00231,24093683,10268429996.0,2.9441184094779986,413.31286
HK.00700,2021-09-24 00:00:00,423.82195,422.71573,434.88415,419.02833,23.2,0.00174,18068920,7730374456.0,-0.6499815926096721,425.48128
HK.00700,2021-09-27 00:00:00,421.60951,426.77187,434.51541,418.10648,23.422,0.00187,19490060,8374944826.0,0.9595431899352245,422.71573
HK.00700,2021-09-28 00:00:00,428.98431,431.56549,437.46533,426.77187,23.685,0.00218,22722976,9885229622.0,1.1232277328869011,426.77187
HK.00700,2021-09-29 00:00:00,424.00632,427.14061,427.14061,413.49723,23.443,0.0019,19797540,8374555194.0,-1.02530904405726,431.56549
HK.00700,2021-09-30 00:00:00,418.84396,423.82195,426.77187,416.81589,23.257,0.00181,18804977,7955884694.0,-0.7769479001305837,427.14061
HK.00700,2021-10-04 00:00:00,431.74986,419.76581,431.74986,417.369,23.035,0.00122,12713782,5397644607.0,-0.9570386809838488,423.82195
HK.00700,2021-10-05 00:00:00,409.80983,413.31286,416.63152,409.07235,22.682,0.00124,12888984,5338521653.0,-1.5372738432413033,419.76581
HK.00700,2021-10-06 00:00:00,417.00026,409.9942,417.00026,409.25672,22.501,0.00113,11767319,4864491045.0,-0.8029413844030941,413.31286
HK.00700,2021-10-07 00:00:00,417.92211,433.04045,434.33104,417.18463,23.761,0.00152,15784118,6754438460.0,5.621116103593671,409.9942
HK.00700,2021-10-08 00:00:00,450.18686,442.62769,450.18686,433.59356,24.285,0.00311,32333072,14375822788.0,2.21393636552889,433.04045
HK.00700,2021-10-11 00:00:00,452.58367,455.71796,458.11477,449.26501,25.001,0.00273,28425323,12950621628.0,2.957399705382199,442.62769
HK.00700,2021-10-12 00:00:00,447.42131,443.91828,450.18686,441.15273,24.356,0.00171,17842797,7961751905.0,-2.5892505970140003,455.71796
HK.00700,2021-10-15 00:00:00,451.84619,455.34922,459.40536,445.0245,24.981,0.00304,31595916,14382303387.0,2.5750099770615487,443.91828
HK.00700,2021-10-18 00:00:00,458.85225,456.63981,458.85225,445.94635,25.051,0.00216,22487333,10183122125.0,0.2834286177101629,455.34922
HK.00700,2021-10-19 00:00:00,455.16485,458.48351,459.40536,450.73997,25.152,0.00161,16735576,7654573809.0,0.4037536718491567,456.63981
HK.00700,2021-10-20 00:00:00,466.78016,468.162935,473.23311,463.553685,25.681,0.00341,35498038,16674986498.0,2.11118279913709,458.48351
HK.00700,2021-10-21 00:00:00,468.162935,464.475535,470.928485,459.40536,25.48,0.00174,18097158,8443455536.0,-0.7876317675597332,468.162935
HK.00700,2021-10-22 00:00:00,466.319235,468.162935,470.46756,461.709985,25.681,0.00133,13823511,6485468814.0,0.7938846553026793,464.475535
HK.00700,2021-10-25 00:00:00,464.475535,464.01461,468.62386,460.32721,25.454,0.00128,13296570,6188475752.0,-0.8860857385046939,468.162935
HK.00700,2021-10-26 00:00:00,466.319235,461.24906,466.78016,455.34922,25.303,0.0016,16606900,7680288911.0,-0.5960049404478921,464.01461
HK.00700,2021-10-27 00:00:00,450.92434,447.42131,451.66182,442.99643,24.547,0.00195,20302472,9118397631.0,-2.9978922883875323,461.24906
HK.00700,2021-10-28 00:00:00,446.31509,448.52753,453.87426,446.31509,24.608,0.00142,14832310,6692673432.0,0.24724347617685163,447.42131
HK.00700,2021-10-29 00:00:00,447.23694,441.89021,448.7119,441.89021,24.245,0.00171,17834183,7948322910.0,-1.4798021428026922,448.52753
HK.00700,2021-11-01 00:00:00,437.6497,431.38112,438.01844,427.14061,23.67,0.00236,24569548,10654645372.0,-2.3782129049656957,441.89021
HK.00700,2021-11-02 00:00:00,439.67777,426.21876,442.81206,422.71573,23.388,0.00344,35803916,15457739395.0,-1.1967051316478652,431.38112
HK.00700,2021-11-03 00:00:00,424.37506,430.82801,431.74986,420.50329,23.64,0.00202,21004037,8976079256.0,1.0814282318310042,426.21876
HK.00700,2021-11-04 00:00:00,436.54348,441.70584,442.62769,435.25289,24.235,0.00171,17834361,7856704540.0,2.524866013238094,430.82801
HK.00700,2021-11-05 00:00:00,433.59356,429.35305,435.62163,427.32498,23.557,0.00209,21716264,9394663973.0,-2.796610069724237,441.70584
HK.00700,2021-11-08 00:00:00,422.53136,426.03439,426.21876,416.44715,23.375,0.00233,24234576,10272692386.0,-0.7729443170369985,429.35305
HK.00700,2021-11-09 00:00:00,430.82801,426.21876,432.67171,422.16262,23.385,0.00142,14760939,6311329250.0,0.043275849163256816,426.03439
HK.00700,2021-11-10 00:00:00,430.82801,444.28702,447.23694,428.06246,24.373,0.00319,33212880,14609652414.0,4.23919866877751,426.21876
HK.00700,2021-11-11 00:00:00,439.12466,438.75592,441.15273,428.98431,24.071,0.00376,39089878,17044523903.0,-1.2449384634284344,444.28702
HK.00700,2021-11-12 00:00:00,448.15879,445.76198,451.47745,442.62769,24.454,0.00248,25849700,11587775581.0,1.5968012465791894,438.75592
HK.00700,2021-11-15 00:00:00,452.03056,451.84619,454.61174,449.26501,24.787,0.00202,21038684,9549753709.0,1.3649010622215885,445.76198
HK.00700,2021-11-16 00:00:00,457.00855,461.709985,467.70201,454.05863,25.326,0.00295,30659082,14166900229.0,2.1829983782755895,451.84619
HK.00700,2021-11-17 00:00:00,463.09276,467.70201,467.70201,458.11477,25.653,0.00223,23262371,10856515433.0,1.2977897803098097,461.709985
HK.00700,2021-11-18 00:00:00,461.24906,456.45544,462.631835,452.76804,25.039,0.00201,20959809,9600438645.0,-2.404644358915619,467.70201
HK.00700,2021-11-19 00:00:00,447.05257,455.71796,456.27107,445.57761,24.998,0.00159,16502425,7484219170.0,-0.16156670188879882,456.45544
HK.00700,2021-11-22 00:00:00,457.56166,454.243,460.788135,451.10871,24.918,0.00153,15931777,7280701101.0,-0.3236563246267516,455.71796
HK.00700,2021-11-23 00:00:00,444.65576,442.07458,446.31509,440.04651,24.252,0.00195,20313337,9023143389.0,-2.678834896740284,454.243
HK.00700,2021-11-24 00:00:00,434.69978,433.77793,441.70584,429.35305,23.799,0.00271,28227855,12343857047.0,-1.8767534654446767,442.07458
HK.00700,2021-11-25 00:00:00,433.77793,438.94029,443.1808,432.67171,24.081,0.00177,18375695,8088219295.0,1.1900928200750043,433.77793
HK.00700,2021-11-26 00:00:00,434.14667,425.66565,434.14667,422.53136,23.355,0.00343,35673209,15277027416.0,-3.0242473298589143,438.94029
HK.00700,2021-11-29 00:00:00,424.37506,424.7438,432.85608,423.82195,23.305,0.00203,21163326,9076747728.0,-0.21656668796272527,425.66565
HK.00700,2021-11-30 00:00:00,420.31892,421.97825,422.71573,412.39101,23.154,0.00371,38602924,16208091318.0,-0.6511101515784383,424.7438
HK.00700,2021-12-01 00:00:00,424.92817,430.64364,435.06852,423.82195,23.649,0.00212,22065436,9536336590.0,2.0535157913944624,421.97825
HK.00700,2021-12-02 00:00:00,428.98431,435.06852,435.06852,425.85002,23.891,0.00185,19221979,8332256815.0,1.0275038544630481,430.64364
HK.00700,2021-12-03 00:00:00,430.64364,424.92817,430.64364,420.31892,23.336,0.00234,24404060,10392378475.0,-2.330747809563412,435.06852
HK.00700,2021-12-06 00:00:00,412.20664,411.28479,422.16262,411.10042,22.589,0.00322,33582481,13977197888.0,-3.2107497132986116,424.92817
HK.00700,2021-12-07 00:00:00,420.50329,426.03439,426.21876,414.78782,23.397,0.00242,25205276,10647180784.0,3.586225495963512,411.28479
HK.00700,2021-12-08 00:00:00,429.53742,428.98431,432.1186,427.14061,23.558,0.00158,16459507,7098929946.0,0.692413586612109,426.03439
HK.00700,2021-12-09 00:00:00,435.806,434.14667,435.806,432.67171,23.84,0.00139,14485677,6312132689.0,1.2033913314918159,428.98431
HK.00700,2021-12-10 00:00:00,432.67171,425.66565,435.43726,424.00632,23.376,0.00159,16521594,7109007876.0,-1.9534918924979765,434.14667
HK.00700,2021-12-13 00:00:00,432.30297,428.61557,441.89021,428.61557,23.538,0.00232,24125101,10537949009.0,0.6930134014807074,425.66565
HK.00700,2021-12-14 00:00:00,422.53136,422.34699,427.69372,420.13455,23.195,0.00142,14808829,6286150670.0,-1.4625180321844087,428.61557
HK.00700,2021-12-15 00:00:00,422.16262,418.65959,426.5875,416.26278,22.993,0.00139,14505470,6118942696.0,-0.8730735834059158,422.34699
HK.00700,2021-12-16 00:00:00,415.15656,415.70967,418.10648,411.65353,22.832,0.00219,22812130,9484391320.0,-0.7046106360539749,418.65959
HK.00700,2021-12-17 00:00:00,410.54731,402.25066,410.73168,402.25066,22.095,0.00295,30682102,12472329741.0,-3.2375984903117683,415.70967
HK.00700,2021-12-20 00:00:00,401.69755,394.87586,403.72562,393.95401,21.691,0.00213,22143492,8851924659.0,-1.8333841888537843,402.25066
HK.00700,2021-12-21 00:00:00,394.87586,404.83184,410.36294,394.32275,22.236,0.00179,18686839,7556986129.0,2.521293654162605,394.87586
HK.00700,2021-12-22 00:00:00,413.31286,406.85991,414.05034,404.4631,22.347,0.00144,15012825,6155372563.0,0.5009660307351352,404.83184
HK.00700,2021-12-23 00:00:00,417.00026,424.19069,430.64364,412.57538,23.296,0.00343,35745638,15173596895.0,4.259643079604477,406.85991
HK.00700,2021-12-24 00:00:00,430.45927,422.71573,430.45927,421.60951,23.215,0.00099,10313265,4406418101.0,-0.3477115445414443,424.19069
HK.00700,2021-12-28 00:00:00,420.50329,413.6816,421.79388,408.70361,22.721,0.00197,20555967,8527441446.0,-2.1371643775830163,422.71573
HK.00700,2021-12-29 00:00:00,407.41302,408.51924,409.25672,404.4631,22.438,0.001,10402292,4253456849.0,-1.2479066025658327,413.6816
HK.00700,2021-12-30 00:00:00,409.9942,407.22865,414.05034,405.93806,22.367,0.0008,8314382,3420853544.0,-0.31591902501336505,408.51924
HK.00700,2021-12-31 00:00:00,424.37506,419.58144,424.37506,418.10648,23.054,0.00103,10712347,4535144939.0,3.033379404911705,407.22865
HK.00700,2022-01-03 00:00:00,422.34699,416.81589,425.29691,416.07841,22.902,0.00063,6531558,2745406075.0,-0.6591211470173614,419.58144
HK.00700,2022-01-04 00:00:00,418.29085,413.31286,420.68766,409.07235,22.711,0.00141,14711738,6088207771.0,-0.8404262131177445,416.81589
HK.00700,2022-01-05 00:00:00,406.3068,395.42897,407.78176,393.95401,21.732,0.00332,34633421,13846955913.0,-4.326961904838869,413.31286
HK.00700,2022-01-06 00:00:00,386.57921,401.32881,401.51318,386.57921,22.055,0.00233,24292824,9643080332.0,1.4920100568251191,395.42897
HK.00700,2022-01-07 00:00:00,408.70361,406.85991,411.8379,402.6194,22.357,0.00217,22577770,9222097187.0,1.378196596451682,401.32881
HK.00700,2022-01-10 00:00:00,411.46916,416.26278,419.95018,406.3068,22.872,0.00204,21218927,8847206421.0,2.311082947444983,406.85991
HK.00700,2022-01-11 00:00:00,420.68766,422.53136,424.37506,417.18463,23.217,0.00171,17795833,7525440937.0,1.5059189293839785,416.26278
HK.00700,2022-01-12 00:00:00,433.40919,441.70584,441.70584,431.01238,24.266,0.00294,30671368,13453489710.0,4.5380016290388525,422.53136
HK.00700,2022-01-13 00:00:00,446.49946,436.54348,446.49946,433.9623,23.984,0.00191,19860684,8732653582.0,-1.1687325664519252,441.70584
HK.00700,2022-01-14 00:00:00,424.37506,434.88415,435.62163,424.37506,23.893,0.00143,14886060,6437061285.0,-0.38010646728706415,436.54348
HK.00700,2022-01-17 00:00:00,433.59356,427.69372,435.25289,426.21876,23.499,0.00132,13757858,5918669526.0,-1.653412753718431,434.88415
HK.00700,2022-01-18 00:00:00,429.72179,415.89404,432.67171,414.05034,22.853,0.00245,25533093,10791349023.0,-2.758908875257735,427.69372
HK.00700,2022-01-19 00:00:00,416.07841,418.65959,420.68766,413.31286,23.005,0.00182,18972662,7942235899.0,0.6649650473471469,415.89404
HK.00700,2022-01-20 00:00:00,418.28312,446.396608,446.77652,418.28312,23.802,0.00307,31098132,13697507104.0,6.62519590199762,418.65959
HK.00700,2022-01-21 00:00:00,443.737224,449.435904,452.855112,442.02762,23.964,0.00279,28238315,12677085496.0,0.6808510516280578,446.396608
HK.00700,2022-01-24 00:00:00,444.87696,444.497048,448.296168,440.887884,23.701,0.00153,15453288,6882589379.0,-1.0989010793405565,449.435904
HK.00700,2022-01-25 00:00:00,434.809292,441.837664,442.9774,434.809292,23.56,0.0026,26320597,11590644646.0,-0.5982905875226394,444.497048
HK.00700,2022-01-26 00:00:00,444.87696,448.296168,451.145508,441.07784,23.903,0.00225,22762460,10192130941.0,1.4617368608937795,441.837664
HK.00700,2022-01-27 00:00:00,440.12806,438.2285,442.02762,433.289644,23.368,0.00213,21591528,9455166921.0,-2.245762671788001,448.296168
HK.00700,2022-01-28 00:00:00,438.2285,435.37916,439.17828,431.200128,23.217,0.00156,15822100,6916078907.0,-0.650195046648035,438.2285
HK.00700,2022-01-31 00:00:00,436.708852,446.77652,447.156432,434.42938,23.822,0.00119,12033863,5356797004.0,2.6178009990188764,435.37916
HK.00700,2022-02-04 00:00:00,457.2241,453.42498,457.2241,445.82674,24.176,0.00166,16772887,7616780204.0,1.4880952114493393,446.77652
HK.00700,2022-02-07 00:00:00,456.27432,452.4752,456.27432,445.066916,24.125,0.0016,16195609,7312050446.0,-0.20946794770769633,453.42498
HK.00700,2022-02-08 00:00:00,449.245948,444.87696,450.57564,443.92718,23.721,0.00195,19745931,8833336146.0,-1.6792610954147267,452.4752
HK.00700,2022-02-09 00:00:00,454.37476,457.034144,457.793968,451.145508,24.367,0.00243,24600741,11220834225.0,2.7327070388181105,444.87696
HK.00700,2022-02-10 00:00:00,461.973,458.553792,461.973,450.385684,24.448,0.00196,19803265,9062644182.0,0.33250207231780937,457.034144
HK.00700,2022-02-11 00:00:00,453.235024,451.52542,457.793968,447.156432,24.075,0.00162,16344254,7412182007.0,-1.5327257396227116,458.553792
HK.00700,2022-02-14 00:00:00,445.066916,446.77652,447.346388,440.507972,23.81,0.00134,13541341,6051234310.0,-1.0517458795564583,451.52542
HK.00700,2022-02-15 00:00:00,446.77652,444.87696,449.245948,441.457752,23.709,0.00145,14623891,6527542007.0,-0.42517006041409877,446.77652
HK.00700,2022-02-16 00:00:00,451.52542,450.765596,451.52542,446.016696,24.022,0.00127,12855220,5791775286.0,1.3236549719275232,444.87696
HK.00700,2022-02-17 00:00:00,450.765596,453.42498,453.994848,446.77652,24.163,0.00135,13607295,6155226665.0,0.589970491004373,450.765596
HK.00700,2022-02-18 00:00:00,453.42498,444.87696,457.034144,442.9774,23.709,0.0025,25303771,11424566219.0,-1.8852115293692042,453.42498
HK.00700,2022-02-21 00:00:00,439.368236,421.512372,441.837664,416.953428,22.468,0.00479,48477104,20797554435.0,-5.251921340228536,444.87696
HK.00700,2022-02-22 00:00:00,408.975276,420.942504,421.322416,408.975276,22.438,0.00318,32179045,13401460073.0,-0.13519603168374905,421.512372
HK.00700,2022-02-23 00:00:00,418.663032,421.13246,427.211052,418.663032,22.448,0.00211,21311934,9032581492.0,0.04512635293298753,420.942504
HK.00700,2022-02-24 00:00:00,412.774396,404.796244,416.003648,400.807168,21.58,0.00354,35768495,14606032206.0,-3.879115848728445,421.13246
HK.00700,2022-02-25 00:00:00,409.165232,401.18708,415.43378,397.577916,21.389,0.00266,26877448,10903490925.0,-0.8916001700845873,404.796244
HK.00700,2022-02-28 00:00:00,397.38796,398.527696,402.516772,392.069192,21.248,0.0028,28269065,11244576931.0,-0.6628787746604374,401.18708
HK.00700,2022-03-01 00:00:00,398.527696,407.83554,415.43378,397.767872,21.742,0.00201,20329994,8287152488.0,2.3355576270914904,398.527696
HK.00700,2022-03-02 00:00:00,404.03642,400.617212,411.444704,400.047344,21.359,0.00146,14752600,5993045514.0,-1.7699114697066336,407.83554
HK.00700,2022-03-03 00:00:00,400.047344,396.248224,403.466552,393.018972,21.126,0.00207,20920771,8324243977.0,-1.0905642266813045,400.617212
HK.00700,2022-03-04 00:00:00,381.2417,381.431656,384.280996,378.39236,20.34,0.00433,43750350,16744182240.0,-3.739213730835553,396.248224
HK.00700,2022-03-07 00:00:00,367.94478,366.995,375.732976,360.34654,19.573,0.00415,41987299,15542073699.0,-3.784860478386716,381.431656
HK.00700,2022-03-08 00:00:00,367.94478,362.436056,374.973152,359.776672,19.331,0.00336,33966602,12438151685.0,-1.2422359977656363,366.995
HK.00700,2022-03-09 00:00:00,362.436056,363.955704,369.654384,349.89896,19.411,0.00346,34965811,12580449648.0,0.41928720248517926,362.436056
HK.00700,2022-03-10 00:00:00,374.023372,364.14566,377.252624,360.536496,19.421,0.00251,25335098,9328893319.0,0.05219206565862618,363.955704
HK.00700,2022-03-11 00:00:00,348.94918,347.809444,355.027772,340.40116,18.554,0.00504,50996801,17764065851.0,-4.4861762186044,364.14566
HK.00700,2022-03-14 00:00:00,333.7527,313.617364,340.021248,311.90776,16.738,0.00697,70448261,23161899121.0,-9.830693383932374,347.809444
HK.00700,2022-03-15 00:00:00,288.353216,281.5148,314.947056,280.56502,15.033,0.01233,124658977,36732201469.0,-10.236220211327339,313.617364
HK.00700,2022-03-16 00:00:00,297.851016,347.04962,350.658784,293.292072,18.513,0.01122,113433804,36894643424.0,23.27935156517527,281.5148
HK.00700,2022-03-17 00:00:00,379.34214,368.89456,379.34214,353.318168,19.691,0.00725,73377841,27026306015.0,6.2944716666164355,347.04962
HK.00700,2022-03-18 00:00:00,359.39676,360.34654,371.553944,350.84874,19.283,0.00392,39708840,14335811261.0,-2.3171987139089305,368.89456
HK.00700,2022-03-21 00:00:00,370.984076,352.178432,371.174032,350.278872,18.848,0.00319,32326569,11623169924.0,-2.2667369027603312,360.34654
HK.00700,2022-03-22 00:00:00,349.89896,366.995,367.94478,342.30072,19.637,0.00323,32645604,11693148062.0,4.207119645532416,352.178432
HK.00700,2022-03-23 00:00:00,377.44258,367.94478,381.811568,364.335616,19.688,0.0044,44491332,16689414029.0,0.2587991662011678,366.995
HK.00700,2022-03-24 00:00:00,352.7483,346.09984,360.916408,345.15006,12.794,0.00488,49413115,17498814444.0,-5.937015875045166,367.94478
HK.00700,2022-03-25 00:00:00,339.071468,336.981952,348.379312,331.85314,12.458,0.00398,40322154,13701108854.0,-2.634467557107219,346.09984
HK.00700,2022-03-28 00:00:00,338.5016,346.479752,352.368388,334.70248,12.808,0.0028,28357508,9838436921.0,2.81848922282937,336.981952
HK.00700,2022-03-29 00:00:00,350.84874,356.737376,359.776672,349.89896,13.185,0.00217,22007254,7860991814.0,2.9605262474327687,346.479752
HK.00700,2022-03-30 00:00:00,362.2461,359.966628,367.564868,359.586716,13.304,0.0028,28377041,10346238235.0,0.9052182970589634,356.737376
HK.00700,2022-03-31 00:00:00,361.676232,353.888036,361.676232,352.368388,13.08,0.00152,15361025,5481517905.0,-1.6886543160328782,359.966628
HK.00700,2022-04-01 00:00:00,347.04962,358.257024,358.257024,342.490676,13.241,0.00151,15263233,5400206964.0,1.2345678733259018,353.888036
HK.00700,2022-04-04 00:00:00,367.754824,368.89456,369.84434,363.005924,13.633,0.00163,16493924,6072683221.0,2.9692470174709014,358.257024
HK.00700,2022-04-06 00:00:00,362.2461,360.34654,364.14566,359.39676,13.318,0.00178,18033618,6542733571.0,-2.3171987139089305,368.89456
HK.00700,2022-04-07 00:00:00,355.217728,354.077992,362.815968,353.508124,13.087,0.00165,16713449,5988239618.0,-1.7395887858393226,360.34654
HK.00700,2022-04-08 00:00:00,349.89896,349.519048,351.988476,346.09984,12.919,0.00204,20637330,7229872455.0,-1.2875536189778203,354.077992
HK.00700,2022-04-11 00:00:00,346.09984,334.322568,346.289796,333.7527,12.36,0.00237,23993929,8134832014.0,-4.347825987440893,349.519048
HK.00700,2022-04-12 00:00:00,344.010324,346.479752,352.368388,339.071468,12.808,0.00275,27806324,9673661576.0,3.636363549349151,334.322568
HK.00700,2022-04-13 00:00:00,346.09984,353.318168,358.44698,342.110764,13.06,0.00225,22786517,8060083509.0,1.9736841649551848,346.479752
HK.00700,2022-04-14 00:00:00,358.257024,354.077992,358.44698,352.368388,13.088,0.00158,15962027,5692242832.0,0.21505375857150386,353.318168
HK.00700,2022-04-19 00:00:00,345.909884,344.20028,347.619488,341.35094,12.724,0.00185,18679225,6466378256.0,-2.7896995077852718,354.077992
HK.00700,2022-04-20 00:00:00,344.770148,342.30072,348.759224,341.920808,12.654,0.00113,11427524,3954556819.0,-0.551876366864085,344.20028
HK.00700,2022-04-21 00:00:00,332.80292,329.0038,336.791996,324.2549,12.165,0.00268,27099573,8981529950.0,-3.884572606215961,342.30072
HK.00700,2022-04-22 00:00:00,316.466704,321.975428,324.2549,315.896836,11.906,0.00292,29513546,9492674293.0,-2.1362586085631805,329.0038
HK.00700,2022-04-25 00:00:00,313.997276,309.438332,320.075868,307.348816,11.445,0.00268,27152070,8541441823.0,-3.8938052129866314,321.975428
HK.00700,2022-04-26 00:00:00,313.997276,317.416484,322.925208,312.477628,11.738,0.00284,28731288,9166022626.0,2.5782688099546833,309.438332
HK.00700,2022-04-27 00:00:00,313.80732,316.466704,320.075868,310.198156,11.703,0.00244,24646435,7841694443.0,-0.2992220151994477,317.416484
HK.00700,2022-04-28 00:00:00,321.975428,321.215604,321.975428,313.047496,11.878,0.00221,22355963,7139684910.0,1.5006002021621814,316.466704
HK.00700,2022-04-29 00:00:00,320.45578,356.927332,366.995,318.936132,13.192,0.00494,49977077,17416538204.0,11.117681568171886,321.215604
HK.00700,2022-05-03 00:00:00,358.44698,359.39676,363.955704,345.529972,13.282,0.00266,26923457,9653230997.0,0.6918573554350256,356.927332
HK.00700,2022-05-04 00:00:00,354.077992,348.379312,355.407684,346.289796,12.877,0.00147,14847512,5210118240.0,-3.06553904381329,359.39676
HK.00700,2022-05-05 00:00:00,355.407684,346.479752,357.4972,346.479752,12.807,0.00223,22525196,7943627121.0,-0.5452562579261331,348.379312
HK.00700,2022-05-06 00:00:00,333.372788,330.143536,336.032172,328.05402,12.206,0.00238,24135405,8047736871.0,-4.714912171837399,346.479752
HK.00700,2022-05-10 00:00:00,313.80732,322.545296,326.534372,311.90776,11.926,0.00295,29900413,9625533995.0,-2.3014959166124567,330.143536
HK.00700,2022-05-11 00:00:00,321.025648,331.283272,342.30072,321.025648,12.248,0.00253,25636314,8581870600.0,2.7090694263295045,322.545296
HK.00700,2022-05-12 00:00:00,324.064944,325.394636,332.992876,323.115164,12.031,0.00208,21081675,6926588849.0,-1.777522892855278,331.283272
HK.00700,2022-05-13 00:00:00,330.90336,335.082392,337.741776,330.90336,12.388,0.00203,20518047,6902170419.0,2.9772328514966784,325.394636
HK.00700,2022-05-16 00:00:00,340.40116,330.90336,342.680632,328.243976,12.234,0.00162,16380705,5485265300.0,-1.2471655031040862,335.082392
HK.00700,2022-05-17 00:00:00,335.082392,348.379312,349.329092,335.082392,12.877,0.00313,31709589,10958899113.0,5.281285750619155,330.90336
HK.00700,2022-05-18 00:00:00,354.837816,345.719928,354.837816,338.5016,12.779,0.00295,29842319,10299307581.0,-0.7633587610965962,348.379312
HK.00700,2022-05-19 00:00:00,323.30512,323.115164,324.824768,315.70688,11.947,0.00626,63330137,20388186584.0,-6.538461387160763,345.719928
HK.00700,2022-05-20 00:00:00,330.52344,334.512516,336.981944,328.62388,12.311,0.00295,29823519,9918517452.0,3.5273342974395385,323.115164
HK.00700,2022-05-23 00:00:00,332.043088,329.383704,332.992868,324.82476,12.122,0.00177,17935465,5897417610.0,-1.5332197614991427,334.512516
HK.00700,2022-05-24 00:00:00,325.584584,321.02564,330.143528,319.505992,11.814,0.00205,20741693,6706153712.0,-2.5374855824682854,329.383704
HK.00700,2022-05-25 00:00:00,317.986344,317.22652,322.735244,317.22652,11.675,0.00224,22692940,7245483918.0,-1.1834319526627268,321.02564
HK.00700,2022-05-26 00:00:00,318.1763,317.416476,318.936124,313.4274,11.682,0.00192,19474459,6153040768.0,0.05988023952095656,317.22652
HK.00700,2022-05-27 00:00:00,328.243968,324.634804,330.333484,321.215596,11.947,0.00216,21858641,7116127406.0,2.274087372830636,317.416476
HK.00700,2022-05-30 00:00:00,328.433924,332.423,333.562736,327.104232,12.234,0.00232,23477515,7773740796.0,2.3990637799883063,324.634804
HK.00700,2022-05-31 00:00:00,331.47322,344.200272,344.77014,329.003792,12.667,0.00674,68180951,23316293289.0,3.5428571428571374,332.423
HK.00700,2022-06-01 00:00:00,343.82036,342.300712,347.809436,339.831284,12.597,0.0028,28343815,9728483572.0,-0.5518763796909516,344.200272
HK.00700,2022-06-02 00:00:00,337.1719,340.97102,342.490668,336.032164,12.548,0.00148,14932457,5066372935.0,-0.38845726970032307,342.300712
HK.00700,2022-06-06 00:00:00,343.82036,349.139128,350.848732,338.12168,12.849,0.00249,25163959,8641627925.0,2.3955431754874703,340.97102
HK.00700,2022-06-07 00:00:00,353.31816,349.139128,355.977544,344.77014,12.849,0.00282,28519345,10014602784.0,0.0,349.139128
HK.00700,2022-06-08 00:00:00,356.1675,371.743892,371.743892,354.457896,13.681,0.00494,49987487,18251431120.0,6.474428726877036,349.139128
HK.00700,2022-06-09 00:00:00,383.71112,374.973144,386.370504,369.46442,13.8,0.00407,41217198,15534387000.0,0.8686765457332583,371.743892
HK.00700,2022-06-10 00:00:00,365.095432,376.492792,378.202396,363.76574,13.856,0.0031,31329249,11715111840.0,0.40526849037487817,374.973144
HK.00700,2022-06-13 00:00:00,364.335608,358.06706,367.374904,354.837808,13.178,0.00259,26256734,9469439263.0,-4.894046417759833,376.492792
HK.00700,2022-06-14 00:00:00,348.949172,357.11728,359.396752,348.949172,13.143,0.0017,17170013,6080672023.0,-0.2652519893899295,358.06706
HK.00700,2022-06-15 00:00:00,357.11728,360.726444,363.005916,356.357456,13.276,0.00221,22365990,8037916132.0,1.0106382978723465,357.11728
HK.00700,2022-06-16 00:00:00,360.9164,349.139128,363.195872,345.71992,12.849,0.0023,23314665,8202777815.0,-3.212216956292782,360.726444
HK.00700,2022-06-17 00:00:00,343.630404,350.848732,355.787588,343.630404,12.912,0.00202,20513271,7202701520.0,0.4896626768226207,349.139128
HK.00700,2022-06-20 00:00:00,351.4186,352.178424,355.21772,346.289788,12.975,0.00121,12255199,4295087327.0,0.37899296155929185,350.848732
HK.00700,2022-06-21 00:00:00,353.128204,361.86618,361.86618,351.608556,13.332,0.00156,15807178,5676243706.0,2.7508090614886673,352.178424
HK.00700,2022-06-22 00:00:00,361.676224,351.4186,361.676224,351.4186,12.947,0.00143,14439340,5146621248.0,-2.8871391076115374,361.86618
HK.00700,2022-06-23 00:00:00,353.128204,356.1675,360.346532,350.46882,13.122,0.00131,13288163,4731541678.0,1.351351351351349,351.4186
HK.00700,2022-06-24 00:00:00,360.346532,364.905476,366.61508,355.407676,13.444,0.00189,19160139,6940912420.0,2.453333333333334,356.1675
HK.00700,2022-06-27 00:00:00,367.56486,359.206796,380.101956,355.787588,13.234,0.00597,60436345,22098932703.0,-1.561686621551282,364.905476
HK.00700,2022-06-28 00:00:00,354.077984,347.429524,354.647852,338.501592,12.8,0.00609,61683048,21280735497.0,-3.278688524590159,359.206796
HK.00700,2022-06-29 00:00:00,341.9208,346.6697,351.798512,338.311636,12.772,0.00363,36825304,12740401126.0,-0.21869874248224147,347.429524
HK.00700,2022-06-30 00:00:00,341.9208,336.602032,345.340008,336.22212,12.401,0.00347,35150606,11943779457.0,-2.904109589041087,346.6697
HK.00700,2022-07-04 00:00:00,336.602032,329.57366,338.501592,327.104232,12.142,0.004,40489126,13459613393.0,-2.088036117381487,336.602032
HK.00700,2022-07-05 00:00:00,330.52344,331.283264,335.652252,329.953572,12.205,0.00203,20517001,6813335399.0,0.5187319884726092,329.57366
HK.00700,2022-07-06 00:00:00,331.47322,330.143528,335.27234,323.685024,12.163,0.00258,26134921,8584681483.0,-0.34403669724769764,331.283264
HK.00700,2022-07-07 00:00:00,325.964496,333.942648,333.942648,325.584584,12.303,0.00197,19989645,6614921541.0,1.150747986191029,330.143528
HK.00700,2022-07-08 00:00:00,339.261416,334.892428,339.261416,331.093308,12.338,0.00195,19746082,6594435267.0,0.28441410693969693,333.942648
HK.00700,2022-07-11 00:00:00,327.104232,325.204672,328.813836,323.115156,11.981,0.00214,21687362,7049756973.0,-2.8927963698241568,334.892428
HK.00700,2022-07-12 00:00:00,321.595508,320.835684,323.685024,319.316036,11.82,0.0018,18222261,5851406735.0,-1.343457943925234,325.204672
HK.00700,2022-07-13 00:00:00,321.595508,318.556212,324.064936,318.1763,11.736,0.00178,18040303,5778623253.0,-0.7104795737122552,320.835684
HK.00700,2022-07-14 00:00:00,317.796388,318.1763,320.455772,315.32696,11.722,0.00174,17662056,5612694759.0,-0.11926058437686038,318.556212
HK.00700,2022-07-15 00:00:00,313.4274,308.6785,315.706872,306.968896,11.372,0.00274,27720755,8620244652.0,-2.9850746268656843,318.1763
HK.00700,2022-07-18 00:00:00,310.008192,315.896828,317.036564,304.87938,11.646,0.00212,21449531,6691327196.0,2.338461538461552,308.6785
HK.00700,2022-07-19 00:00:00,314.757092,316.466696,321.405552,313.4274,11.667,0.00131,13324790,4219284350.0,0.18039687312086128,315.896828
HK.00700,2022-07-20 00:00:00,324.82476,321.595508,325.584584,321.02564,11.856,0.00166,16827940,5437362471.0,1.620648259303716,316.466696
HK.00700,2022-07-21 00:00:00,318.1763,317.22652,319.695948,312.667576,11.695,0.00198,20117680,6365385743.0,-1.3585351447135268,321.595508
HK.00700,2022-07-22 00:00:00,320.645728,315.32696,322.545288,313.4274,11.625,0.00157,15878731,5031086902.0,-0.5988023952095833,317.22652
HK.00700,2022-07-25 00:00:00,313.047488,310.008192,313.4274,305.449248,11.428,0.00175,17738665,5480305247.0,-1.6867469879518,315.32696
HK.00700,2022-07-26 00:00:00,308.298588,312.857532,313.807312,306.968896,11.534,0.00144,14596453,4538649832.0,0.9191176470588184,310.008192
HK.00700,2022-07-27 00:00:00,308.6785,304.119556,311.337884,303.9296,11.211,0.00206,20864238,6391684517.0,-2.792956891317548,312.857532
HK.00700,2022-07-28 00:00:00,308.298588,304.689424,309.438324,303.9296,11.232,0.00159,16161075,4942120036.0,0.1873828856964349,304.119556
HK.00700,2022-07-29 00:00:00,304.689424,291.392504,307.158852,289.6829,10.742,0.00386,39161189,11534928096.0,-4.364089775561098,304.689424
HK.00700,2022-08-01 00:00:00,286.83356,284.554088,289.492944,284.554088,10.49,0.00415,42108493,12079935501.0,-2.346805736636244,291.392504
HK.00700,2022-08-02 00:00:00,280.375056,280.1851,280.944924,273.53664,10.329,0.00443,44948864,12463117000.0,-1.5353805073431248,284.554088
HK.00700,2022-08-03 00:00:00,283.98422,287.403428,291.012592,283.03444,10.595,0.00285,28852791,8279787726.0,2.5762711864406933,280.1851
HK.00700,2022-08-04 00:00:00,292.342284,296.33136,296.33136,289.872856,10.924,0.00206,20838624,6135442465.0,3.106411103767349,287.403428
HK.00700,2022-08-05 00:00:00,297.661052,292.152328,298.23092,288.923076,10.759,0.00171,17311959,5051926694.0,-1.4102564102564124,296.33136
HK.00700,2022-08-08 00:00:00,287.213472,284.364132,290.442724,283.224396,10.472,0.00156,15842633,4524987105.0,-2.665799739921986,292.152328
HK.00700,2022-08-09 00:00:00,284.934,283.03444,289.113032,281.514792,10.423,0.00148,14943997,4251639398.0,-0.46760187040746964,284.364132
HK.00700,2022-08-10 00:00:00,284.554088,280.754968,284.744044,277.525716,10.339,0.0016,16170770,4527799671.0,-0.8053691275167779,283.03444
HK.00700,2022-08-11 00:00:00,284.174176,288.353208,289.302988,283.224396,10.619,0.00155,15647899,4475383063.0,2.706359945872792,280.754968
HK.00700,2022-08-12 00:00:00,289.302988,288.923076,289.302988,285.123956,10.64,0.00114,11562396,3325123968.0,0.19762845849801866,288.353208
HK.00700,2022-08-15 00:00:00,286.643604,285.313912,290.442724,283.98422,10.507,0.00121,12236716,3501151012.0,-1.249178172255083,288.923076
HK.00700,2022-08-16 00:00:00,286.83356,287.78334,290.63268,277.905628,10.598,0.00245,24774230,7049536942.0,0.865512649800264,285.313912
HK.00700,2022-08-17 00:00:00,287.78334,287.973296,290.442724,282.08466,10.605,0.00183,18547863,5307986123.0,0.06600660066006432,287.78334
HK.00700,2022-08-18 00:00:00,300.13048,296.901228,300.13048,293.861932,10.934,0.00335,33909340,10075428795.0,3.1002638522427435,287.973296
HK.00700,2022-08-19 00:00:00,296.901228,299.1807,303.9296,296.521316,11.018,0.00242,24497122,7366823403.0,0.7677543186180417,296.901228
HK.00700,2022-08-22 00:00:00,296.521316,295.001668,299.750568,292.722196,10.864,0.00154,15556638,4616631942.0,-1.396825396825399,299.1807
HK.00700,2022-08-23 00:00:00,296.33136,297.091184,298.23092,293.48202,10.941,0.00141,14245665,4212688236.0,0.7083065035415336,295.001668
HK.00700,2022-08-24 00:00:00,298.040964,294.4318,299.560612,291.962372,10.843,0.00136,13740941,4052924856.0,-0.895140664961633,297.091184
HK.00700,2022-08-25 00:00:00,296.901228,308.6785,309.058412,296.901228,11.368,0.00202,20469049,6230189351.0,4.838709677419346,294.4318
HK.00700,2022-08-26 00:00:00,313.617356,307.918676,314.187224,305.259292,11.34,0.00193,19558538,6033768222.0,-0.24615384615383987,308.6785
HK.00700,2022-08-29 00:00:00,302.97982,306.77894,308.488544,300.890304,11.298,0.00129,13050429,3994891708.0,-0.3701418877236364,307.918676
HK.00700,2022-08-30 00:00:00,306.77894,307.348808,307.538764,298.040964,11.319,0.00146,14785534,4487786371.0,0.18575851393190232,306.77894
HK.00700,2022-08-31 00:00:00,299.1807,310.768016,317.796388,298.990744,11.444,0.00272,27592326,8547599001.0,1.1124845488257007,307.348808
HK.00700,2022-09-01 00:00:00,310.57806,308.298588,316.846608,307.72872,11.354,0.00249,25197878,7860184590.0,-0.7946210268948635,310.768016
HK.00700,2022-09-02 00:00:00,307.538764,312.097708,313.997268,306.019116,11.493,0.00265,26838804,8331245791.0,1.232285890326561,308.298588
HK.00700,2022-09-05 00:00:00,307.72872,302.97982,308.488544,300.13048,11.158,0.00212,21447805,6514278105.0,-2.9214850882531933,312.097708
HK.00700,2022-09-06 00:00:00,302.97982,298.420876,305.449248,295.951448,10.99,0.00169,17091586,5099395572.0,-1.5047021943573655,302.97982
HK.00700,2022-09-07 00:00:00,293.671976,295.951448,296.711272,290.822636,10.899,0.00158,15981134,4693055880.0,-0.8274984086569043,298.420876
HK.00700,2022-09-08 00:00:00,291.392504,286.643604,295.001668,285.123956,10.556,0.00245,24821439,7162855154.0,-3.145057766367153,295.951448
HK.00700,2022-09-09 00:00:00,283.98422,291.58246,293.861932,283.98422,10.738,0.00178,18070184,5244168478.0,1.7229953611663507,286.643604
HK.00700,2022-09-13 00:00:00,293.102108,289.492944,293.292064,289.113032,10.661,0.00179,18081861,5262293784.0,-0.7166123778501639,291.58246
HK.00700,2022-09-14 00:00:00,285.313912,284.554088,288.923076,283.98422,10.479,0.00187,18940236,5407892183.0,-1.706036745406839,289.492944
HK.00700,2022-09-15 00:00:00,284.174176,284.934,287.213472,284.174176,10.493,0.00139,14026363,4001259617.0,0.13351134846463605,284.554088
HK.00700,2022-09-16 00:00:00,282.464572,278.475496,284.364132,278.475496,10.255,0.00259,26263238,7361831657.0,-2.2666666666666684,284.934
HK.00700,2022-09-19 00:00:00,277.525716,274.48642,278.095584,273.726596,10.108,0.00238,24136466,6653187631.0,-1.4324693042291992,278.475496
HK.00700,2022-09-20 00:00:00,277.715672,278.665452,281.704748,277.715672,10.262,0.00157,15936661,4454161074.0,1.522491349480971,274.48642
HK.00700,2022-09-21 00:00:00,275.816112,271.63708,276.765892,271.63708,10.003,0.00167,16944182,4642284965.0,-2.5221540558963835,278.665452
HK.00700,2022-09-22 00:00:00,267.83796,268.78774,271.067212,265.178576,9.898,0.00182,18464873,4949062056.0,-1.0489510489510638,271.63708
HK.00700,2022-09-23 00:00:00,264.608708,261.1895,267.268092,261.1895,9.596,0.00205,20715103,5458007410.0,-2.8268551236749024,268.78774
HK.00700,2022-09-26 00:00:00,259.479896,268.977696,273.156728,259.479896,9.882,0.00257,25950030,6971035398.0,2.9818181818181704,261.1895
HK.00700,2022-09-27 00:00:00,268.217872,266.698224,268.977696,261.379456,9.798,0.00237,23931156,6349926990.0,-0.8474576271186436,268.977696
HK.00700,2022-09-28 00:00:00,265.748444,260.23972,265.748444,259.669852,9.561,0.00231,23331390,6121750510.0,-2.4216524216524236,266.698224
HK.00700,2022-09-29 00:00:00,264.228796,257.010468,269.547564,254.730996,9.443,0.0021,21225174,5539714589.0,-1.2408759124087492,260.23972
HK.00700,2022-09-30 00:00:00,253.401304,253.021392,262.519192,250.362008,9.296,0.00234,23645986,6014748399.0,-1.552106430155215,257.010468
HK.00700,2022-10-03 00:00:00,250.74192,250.551964,253.401304,246.372932,9.205,0.00146,14726937,3677985214.0,-0.9759759759759734,253.021392
HK.00700,2022-10-05 00:00:00,260.999544,264.98862,265.9384,257.580336,9.736,0.00189,19100775,5020412119.0,5.761940864291141,250.551964
HK.00700,2022-10-06 00:00:00,264.98862,263.848884,268.407828,261.1895,9.694,0.00108,10922630,2884643290.0,-0.4301075268817308,264.98862
HK.00700,2022-10-07 00:00:00,260.049764,257.010468,260.619632,256.4406,9.443,0.00104,10508828,2714042198.0,-2.5917926565874714,263.848884
HK.00700,2022-10-10 00:00:00,252.64148,250.551964,254.920952,249.602184,9.205,0.00163,16508846,4158716898.0,-2.5129342202512954,257.010468
HK.00700,2022-10-11 00:00:00,248.462448,241.813988,249.222272,241.434076,8.884,0.00222,22451649,5471081377.0,-3.4874905231235798,250.551964
HK.00700,2022-10-12 00:00:00,238.39478,240.864208,250.74192,235.54544,8.849,0.00334,33718592,8086479520.0,-0.39277297721916904,241.813988
HK.00700,2022-10-13 00:00:00,241.624032,233.835836,242.1939,233.835836,8.594,0.00231,23330814,5543701791.0,-2.917981072555201,240.864208
HK.00700,2022-10-14 00:00:00,237.445,236.685176,245.803064,235.925352,8.698,0.00328,33120569,7963716201.0,1.2185215272136527,233.835836
HK.00700,2022-10-17 00:00:00,232.886056,234.785616,238.204824,228.707024,8.638,0.00274,27710821,6445322534.0,-0.8025682182985587,236.685176
HK.00700,2022-10-18 00:00:00,239.34456,241.624032,243.713548,236.875132,8.889,0.0023,23299792,5605506972.0,2.912621359223299,234.785616
HK.00700,2022-10-19 00:00:00,238.964648,231.74632,239.914428,231.366408,8.526,0.00218,22065592,5182927747.0,-4.08805031446541,241.624032
HK.00700,2022-10-20 00:00:00,225.09786,220.728872,227.187376,219.39918,8.121,0.00514,52023775,11558522041.0,-4.754098360655738,231.74632
HK.00700,2022-10-21 00:00:00,220.34896,221.108784,224.527992,218.639356,8.135,0.00276,27949685,6207433510.0,0.17211703958692756,220.728872
HK.00700,2022-10-24 00:00:00,212.75072,195.844636,214.65028,194.894856,7.205,0.00885,89566324,18235594802.0,-11.426116838487975,221.108784
HK.00700,2022-10-25 00:00:00,191.85556,196.034592,204.772568,188.626308,7.212,0.0076,76878079,15057096339.0,0.09699321047526424,195.844636
HK.00700,2022-10-26 00:00:00,194.514944,200.973448,207.431952,192.045516,7.394,0.00524,53011700,10691691421.0,2.5193798449612337,196.034592
HK.00700,2022-10-27 00:00:00,210.091336,202.493096,210.85116,201.163404,7.45,0.00445,44975967,9287007941.0,0.7561436672967954,200.973448
HK.00700,2022-10-28 00:00:00,199.4538,190.715824,200.783492,189.956,7.016,0.00425,42991345,8295820033.0,-5.816135084427772,202.493096
HK.00700,2022-10-31 00:00:00,191.665604,195.274768,205.722348,189.00622,7.184,0.00515,52130761,10317200179.0,2.3904382470119505,190.715824
HK.00700,2022-11-01 00:00:00,197.364284,215.979972,220.159004,197.364284,7.946,0.0081,81958579,17278380058.0,10.603112840466931,195.274768
HK.00700,2022-11-02 00:00:00,214.270368,219.019268,220.34896,208.9516,8.058,0.00366,37003577,7972954274.0,1.4072119613016745,215.979972
HK.00700,2022-11-03 00:00:00,214.65028,210.281292,218.639356,209.141556,7.736,0.00319,32254896,6874778662.0,-3.9895923677363414,219.019268
HK.00700,2022-11-04 00:00:00,213.130632,226.617508,234.975572,213.130632,8.337,0.00699,70707665,16041578954.0,7.768744354110198,210.281292
HK.00700,2022-11-07 00:00:00,222.058564,233.076012,237.065088,219.969048,8.55,0.00459,46305923,10732444385.0,2.8499580888516367,226.617508
HK.00700,2022-11-08 00:00:00,231.176452,233.455924,239.34456,230.606584,8.564,0.00246,24786211,5800512566.0,0.162999185004083,233.076012
HK.00700,2022-11-09 00:00:00,231.74632,224.907904,235.925352,222.058564,8.25,0.0033,33332817,7550803431.0,-3.6615134255492303,233.455924
HK.00700,2022-11-10 00:00:00,217.49962,219.779092,222.628432,217.49962,8.062,0.00243,24487666,5377821005.0,-2.28040540540541,224.907904
HK.00700,2022-11-11 00:00:00,240.29434,245.423152,247.702624,233.076012,9.003,0.00553,55816542,13379987102.0,11.668107173725149,219.779092
HK.00700,2022-11-14 00:00:00,255.680776,247.512668,262.709148,244.283416,9.08,0.00505,50955815,12793448150.0,0.8513931888544904,245.423152
HK.00700,2022-11-15 00:00:00,248.84236,273.53664,273.726596,245.233196,10.034,0.00659,66439387,17667319307.0,10.514198004604754,247.512668
HK.00700,2022-11-16 00:00:00,271.257168,279.615232,281.894704,265.9384,10.257,0.00645,65052340,17874981984.0,2.2222222222222276,273.53664
HK.00700,2022-11-17 00:00:00,283.604308,277.33576,284.364132,267.078136,10.174,0.00729,73512699,20347072222.0,-0.8152173913043472,279.615232
HK.00700,2022-11-18 00:00:00,284.934,273.346684,287.593384,272.016992,10.027,0.00467,47126113,13194749910.0,-1.4383561643835658,277.33576
HK.00700,2022-11-21 00:00:00,268.027916,268.977696,272.206948,260.809588,9.867,0.00327,32964472,8835178376.0,-1.5983321751216129,273.346684
HK.00700,2022-11-22 00:00:00,266.128356,263.468972,272.016992,260.809588,9.665,0.00297,29966476,7935212584.0,-2.0480225988700465,268.977696
HK.00700,2022-11-23 00:00:00,263.848884,267.83796,270.497344,263.468972,9.826,0.00244,24616828,6584599929.0,1.6582552271088686,263.468972
HK.00700,2022-11-24 00:00:00,272.016992,266.318312,274.866332,264.98862,9.77,0.00179,18082710,4856963853.0,-0.5673758865248293,267.83796
HK.00700,2022-11-25 00:00:00,263.08906,259.28994,263.848884,254.920952,9.512,0.00327,32973708,8521458805.0,-2.639087018544932,266.318312
HK.00700,2022-11-28 00:00:00,245.99302,256.4406,257.770292,245.99302,9.407,0.0035,35270083,8932255366.0,-1.0989010989010926,259.28994
HK.00700,2022-11-29 00:00:00,262.519192,271.447124,271.63708,260.049764,9.958,0.00346,34893261,9288042698.0,5.851851851851834,256.4406
HK.00700,2022-11-30 00:00:00,269.357608,272.776816,277.905628,265.9384,10.007,0.00487,49099714,13336875384.0,0.4898530440867824,271.447124
HK.00700,2022-12-01 00:00:00,283.03444,279.615232,288.543164,277.905628,10.258,0.00475,47958777,13516781502.0,2.5069637883008338,272.776816
HK.00700,2022-12-02 00:00:00,281.13488,281.13488,284.554088,276.955848,10.313,0.00262,26413796,7412911366.0,0.5434782608695716,279.615232
HK.00700,2022-12-05 00:00:00,294.4318,298.23092,301.08026,287.213472,10.941,0.00624,62990800,18632821345.0,6.081081081081087,281.13488
HK.00700,2022-12-06 00:00:00,292.342284,296.141404,298.040964,291.772416,10.864,0.00303,30595698,9015662366.0,-0.7006369426751603,298.23092
HK.00700,2022-12-07 00:00:00,294.241844,285.123956,302.599908,283.98422,10.46,0.00429,43281318,12734708222.0,-3.7203335471456067,296.141404
HK.00700,2022-12-08 00:00:00,288.923076,301.460172,302.03004,288.923076,11.06,0.00356,35895239,10688852348.0,5.7295136575616175,285.123956
HK.00700,2022-12-09 00:00:00,302.789864,309.248368,310.198148,298.610832,11.345,0.00422,42536537,13010690391.0,2.5834908632640294,301.460172
HK.00700,2022-12-12 00:00:00,302.409952,301.650128,308.488544,299.560612,11.066,0.00214,21594559,6532116382.0,-2.457002457002467,309.248368
HK.00700,2022-12-13 00:00:00,300.13048,302.409952,308.6785,299.750568,11.094,0.00212,21387418,6497226484.0,0.2518891687657366,301.650128
HK.00700,2022-12-14 00:00:00,306.019116,308.6785,311.337884,302.409952,11.335,0.00253,25520225,7865015446.0,2.072864321608044,302.409952
HK.00700,2022-12-15 00:00:00,308.6785,301.650128,310.198148,300.13048,11.077,0.00198,19964765,6040826831.0,-2.276923076923074,308.6785
HK.00700,2022-12-16 00:00:00,298.23092,300.890304,305.259292,295.951448,11.049,0.00262,26457403,7968428489.0,-0.2518891687657366,301.650128
HK.00700,2022-12-19 00:00:00,304.309512,304.309512,312.287664,300.890304,11.156,0.0026,26213740,8007002012.0,1.136363636363626,300.890304
HK.00700,2022-12-20 00:00:00,302.789864,293.861932,302.789864,291.012592,10.773,0.00303,30592924,9031816188.0,-3.4332084893882517,304.309512
HK.00700,2022-12-21 00:00:00,295.38158,295.38158,297.471096,292.53224,10.829,0.0016,16134200,4762831049.0,0.5171299288946215,293.861932
HK.00700,2022-12-22 00:00:00,302.97982,307.538764,309.438324,300.510392,11.274,0.00253,25534182,7812816080.0,4.115755627009656,295.38158
HK.00700,2022-12-23 00:00:00,302.03004,304.119556,309.62828,301.270216,11.149,0.00162,16322479,4990075213.0,-1.1117974058060613,307.538764
HK.00700,2022-12-28 00:00:00,308.6785,309.818236,313.047488,305.639204,11.358,0.00253,25467476,7890186357.0,1.8738288569644053,304.119556
HK.00700,2022-12-29 00:00:00,306.77894,318.366256,319.12608,306.77894,11.673,0.00314,31678480,9991287673.0,2.759043531575723,309.818236
HK.00700,2022-12-30 00:00:00,321.97542,317.22652,326.534364,314.757092,11.631,0.00284,28650272,9169263906.0,-0.3579952267303189,318.366256
HK.00700,2023-01-03 00:00:00,317.22652,327.864056,328.433924,312.287664,12.012,0.00313,31541666,10134792220.0,3.3532934131736565,317.22652
HK.00700,2023-01-04 00:00:00,332.423,342.87058,342.87058,331.47322,12.562,0.00391,39409216,13322863971.0,4.57705677867903,327.864056
HK.00700,2023-01-05 00:00:00,358.0,347.8,362.2,343.6,12.102,0.00426,40803927,14350263612.0,1.4376911544875015,342.87058
HK.00700,2023-01-06 00:00:00,353.6,349.4,359.4,346.8,12.158,0.00283,27092487,9537398638.0,0.4600345025876843,347.8
HK.00700,2023-01-09 00:00:00,355.0,362.0,362.4,351.6,12.591,0.00296,28323733,10162059272.0,3.6061820263308597,349.4
HK.00700,2023-01-10 00:00:00,365.0,362.4,365.8,357.0,12.605,0.00208,19854116,7160873145.0,0.1104972375690545,362.0
HK.00700,2023-01-11 00:00:00,369.8,373.8,378.8,366.6,13.001,0.00373,35722217,13341772544.0,3.14569536423842,362.4
HK.00700,2023-01-12 00:00:00,379.0,364.0,379.6,356.4,12.66,0.00424,40547528,14789004984.0,-2.6217228464419504,373.8
HK.00700,2023-01-13 00:00:00,364.6,371.4,372.4,356.2,12.922,0.00219,20970696,7669191824.0,2.0329670329670266,364.0
HK.00700,2023-01-16 00:00:00,372.2,370.2,376.4,364.0,12.881,0.00209,19986153,7414939067.0,-0.3231017770597708,371.4
HK.00700,2023-01-17 00:00:00,370.6,373.8,375.6,366.0,13.006,0.00168,16103837,5963511569.0,0.9724473257698603,370.2
HK.00700,2023-01-18 00:00:00,380.0,380.0,381.0,371.0,13.222,0.00283,27122730,10250085861.0,1.658640984483678,373.8
HK.00700,2023-01-19 00:00:00,377.0,382.8,385.0,374.6,13.319,0.00181,17351698,6617317560.0,0.736842105263161,380.0
HK.00700,2023-01-20 00:00:00,390.0,391.8,392.2,385.0,13.633,0.00176,16863710,6573674938.0,2.351097178683385,382.8
HK.00700,2023-01-26 00:00:00,400.0,406.8,406.8,398.4,14.154,0.00248,23729091,9555141834.0,3.828483920367534,391.8
HK.00700,2023-01-27 00:00:00,410.2,415.0,416.6,409.0,14.44,0.00195,18625209,7685459557.0,2.0157325467059954,406.8
HK.00700,2023-01-30 00:00:00,407.6,387.2,411.0,384.0,13.472,0.0056,53626689,21117886294.0,-6.698795180722894,415.0
HK.00700,2023-01-31 00:00:00,390.0,382.2,397.0,373.8,13.299,0.00583,55756238,21309340456.0,-1.2913223140495869,387.2
HK.00700,2023-02-01 00:00:00,385.6,385.0,387.0,373.6,13.396,0.00328,31418879,11975418789.0,0.7326007326007357,382.2
HK.00700,2023-02-02 00:00:00,389.0,383.0,392.0,381.2,13.326,0.00248,23755405,9212435672.0,-0.5194805194805194,385.0
HK.00700,2023-02-03 00:00:00,381.6,385.0,386.6,375.4,13.396,0.00271,25941959,9885038548.0,0.5221932114882507,383.0
HK.00700,2023-02-06 00:00:00,375.2,376.8,380.0,368.6,13.111,0.00267,25591052,9592556756.0,-2.129870129870127,385.0
HK.00700,2023-02-07 00:00:00,381.0,380.0,386.0,377.4,13.209,0.00207,19801656,7560574438.0,0.8492569002123113,376.8
HK.00700,2023-02-08 00:00:00,383.8,382.2,386.8,377.8,13.285,0.00181,17269537,6601541109.0,0.5789473684210497,380.0
HK.00700,2023-02-09 00:00:00,381.2,395.6,397.0,380.0,13.751,0.00279,26660695,10411377591.0,3.5060177917320865,382.2
HK.00700,2023-02-10 00:00:00,395.0,383.4,397.2,382.6,13.327,0.00257,24606130,9553892006.0,-3.08392315470173,395.6
HK.00700,2023-02-13 00:00:00,379.2,386.6,388.6,376.6,13.438,0.00213,20355691,7782878399.0,0.8346374543557762,383.4
HK.00700,2023-02-14 00:00:00,387.0,378.6,387.6,378.0,13.16,0.00188,17932457,6831837559.0,-2.0693222969477496,386.6
HK.00700,2023-02-15 00:00:00,382.2,377.0,382.2,372.4,13.104,0.00173,16498472,6203887780.0,-0.4226096143687329,378.6
HK.00700,2023-02-16 00:00:00,380.8,382.6,392.8,379.0,13.299,0.00229,21914350,8467285346.0,1.4854111405835604,377.0
HK.00700,2023-02-17 00:00:00,385.2,373.8,387.4,373.0,12.993,0.00185,17721575,6704215655.0,-2.3000522739153193,382.6
HK.00700,2023-02-20 00:00:00,371.6,377.0,378.8,369.2,13.104,0.00129,12312675,4611823354.0,0.8560727661851227,373.8
HK.00700,2023-02-21 00:00:00,375.2,361.8,375.4,358.2,12.576,0.00307,29313236,10690717967.0,-4.031830238726788,377.0
HK.00700,2023-02-22 00:00:00,355.6,356.0,363.0,347.6,12.374,0.00347,33151555,11783068387.0,-1.6030956329463824,361.8
HK.00700,2023-02-23 00:00:00,350.8,356.0,363.4,348.4,12.374,0.00203,19433112,6926891168.0,0.0,356.0
HK.00700,2023-02-24 00:00:00,351.0,349.4,355.2,347.4,12.145,0.00255,24415893,8549028187.0,-1.8539325842696692,356.0
HK.00700,2023-02-27 00:00:00,345.0,349.4,354.4,342.8,12.145,0.00214,20480043,7154268934.0,0.0,349.4
HK.00700,2023-02-28 00:00:00,352.2,343.6,357.6,343.6,11.943,0.00272,26006206,9075437622.0,-1.659988551803078,349.4
HK.00700,2023-03-01 00:00:00,347.4,368.8,370.8,346.0,12.832,0.00372,35607254,12867704100.0,7.3341094295692635,343.6
HK.00700,2023-03-02 00:00:00,368.2,362.8,369.0,362.4,12.623,0.00155,14796574,5402223022.0,-1.6268980477223427,368.8
HK.00700,2023-03-03 00:00:00,372.2,367.6,374.8,364.4,12.79,0.00186,17784504,6570474541.0,1.3230429988974672,362.8
HK.00700,2023-03-06 00:00:00,364.0,363.0,368.6,360.6,12.63,0.00132,12628083,4598925385.0,-1.2513601741022913,367.6
HK.00700,2023-03-07 00:00:00,362.8,357.0,368.8,355.0,12.422,0.00178,17037998,6137583971.0,-1.6528925619834711,363.0
HK.00700,2023-03-08 00:00:00,350.0,349.6,351.6,345.0,12.164,0.00222,21208344,7385431276.0,-2.0728291316526546,357.0
HK.00700,2023-03-09 00:00:00,348.0,340.2,349.2,340.2,11.837,0.00181,17274863,5954164935.0,-2.688787185354701,349.6
HK.00700,2023-03-10 00:00:00,333.0,331.6,338.2,330.6,11.538,0.00393,37596411,12533775053.0,-2.5279247501469624,340.2
HK.00700,2023-03-13 00:00:00,340.4,344.8,351.6,337.4,11.997,0.00284,27127633,9329027129.0,3.980699638118211,331.6
HK.00700,2023-03-14 00:00:00,341.4,341.6,352.6,339.0,11.886,0.00223,21324692,7365989508.0,-0.9280742459396718,344.8
HK.00700,2023-03-15 00:00:00,350.4,344.6,353.8,344.2,11.99,0.00173,16570551,5773864536.0,0.8782201405152225,341.6
HK.00700,2023-03-16 00:00:00,340.4,336.0,345.0,333.8,11.691,0.00248,23728825,8035602057.0,-2.495647127103895,344.6
HK.00700,2023-03-17 00:00:00,340.8,339.4,346.6,339.4,11.809,0.00303,29033159,9926040093.0,1.0119047619047552,336.0
HK.00700,2023-03-20 00:00:00,337.0,334.8,339.4,331.0,11.649,0.00214,20437066,6833299619.0,-1.3553329404831957,339.4
HK.00700,2023-03-21 00:00:00,334.8,343.6,347.0,330.4,11.955,0.00222,21276362,7210706944.0,2.628434886499406,334.8
HK.00700,2023-03-22 00:00:00,347.0,347.2,353.6,346.2,12.081,0.00205,19654793,6873877002.0,1.0477299185098852,343.6
HK.00700,2023-03-23 00:00:00,353.6,375.6,375.8,352.4,17.053,0.0049,46850205,17188995531.0,8.179723502304158,347.2
HK.00700,2023-03-24 00:00:00,380.0,376.8,387.4,374.8,17.107,0.00347,33215505,12590328306.0,0.31948881789137074,375.6
HK.00700,2023-03-27 00:00:00,374.6,362.8,378.0,362.6,16.472,0.0027,25798653,9482608808.0,-3.715498938428875,376.8
HK.00700,2023-03-28 00:00:00,366.8,378.2,381.0,366.8,17.171,0.00328,31337657,11776617712.0,4.244762954796025,362.8
HK.00700,2023-03-29 00:00:00,397.0,384.8,397.6,382.0,17.471,0.00377,36095299,14010524765.0,1.7451084082496096,378.2
HK.00700,2023-03-30 00:00:00,389.8,385.0,389.8,380.2,17.48,0.00264,25243232,9710991382.0,0.051975051975049015,384.8
HK.00700,2023-03-31 00:00:00,390.0,385.8,394.0,384.0,17.517,0.00271,25957481,10092564504.0,0.20779220779221075,385.0
HK.00700,2023-04-03 00:00:00,389.0,388.2,391.0,385.0,17.626,0.00196,18773494,7283136350.0,0.6220839813374747,385.8
HK.00700,2023-04-04 00:00:00,383.2,385.0,388.6,382.2,17.48,0.00149,14254252,5484701478.0,-0.8243173621844381,388.2
HK.00700,2023-04-06 00:00:00,384.0,385.4,387.6,380.6,17.499,0.00156,14945689,5735688750.0,0.10389610389609799,385.0
HK.00700,2023-04-11 00:00:00,389.0,376.6,390.0,371.4,17.1,0.00229,21931068,8304864538.0,-2.283341982355982,385.4
